{
  "accuracy": 0.9992802219023208,
  "precision": 0.7714285714285715,
  "recall": 0.826530612244898,
  "f1_score": 0.7980295566502463,
  "roc_auc": 0.9796029624567891
}